name,size,price,for sale (y/n)
bamboo-000.jpg,27 × 54,,
bamboo-001.jpg,27 × 18,,
bamboo-002.jpg,27 × 18,,
bamboo-003.jpg,27 × 18,,
bamboo-004.jpg,27 × 54,,
cats-000.jpg,20 × 14,,
cats-001.jpg,25 × 14,,
cats-002.jpg,26 × 14,,
cats-003.jpg,18 × 14,,
cats-004.jpg,28 × 14,,
cats-005.jpg,20 × 14,,n
cats-006.jpg,24 × 14,,n
cats-007.jpg,24 × 14,,
cats-008.jpg,15 × 15,,n
chrysanthemums-000.jpg,24 × 18,,n
chrysanthemums-001.jpg,16 × 14,,
chrysanthemums-002.jpg,14 × 16,,n
chrysanthemums-003.jpg,14 × 12,,
chrysanthemums-004.jpg,18 × 16,,n
chrysanthemums-005.jpg,18 × 16,,n
chrysanthemums-006.jpg,16 × 14,,
chrysanthemums-007.jpg,18 × 14,,
chrysanthemums-008.jpg,16 × 14,,
colored-lotus-000.jpg,33 × 14,,
colored-lotus-001.jpg,33 × 14,,
colored-lotus-002.jpg,33 × 14,,
colored-lotus-003.jpg,33 × 14,,
colored-lotus-004.jpg,33 × 14,,
colored-lotus-005.jpg,33 × 14,,
colored-lotus-006.jpg,33 × 14,,
dragons-000.jpg,26 × 20,,n
dragons-001.jpg,26 × 20,,n
dragons-002.jpg,26 × 20,,n
dragons-003.jpg,26 × 20,,n
dragons-004.jpg,26 × 20,,n
dragons-005.jpg,26 × 20,,
dragons-006.jpg,26 × 20,,
dragons-007.jpg,26 × 20,,
dragons-008.jpg,26 × 20,,
dragons-009.jpg,26 × 20,,n
fish-000.jpg,22 × 22,,n
fish-001.jpg,22 × 22,,n
fish-002.jpg,22 × 22,,n
fish-003.jpg,22 × 22,,n
fish-004.jpg,22 × 22,,
fish-005.jpg,14 × 14,,n
fish-006.jpg,24 × 14,,n
fish-007.jpg,24 × 18,,n
fish-008.jpg,20 × 18,,
fish-009.jpg,9 × 14,,
fish-010.jpg,16 × 14,,
gongbi-mogufa-000.jpg,16 × 14,,n
gongbi-mogufa-001.jpg,16 × 16,,
gongbi-mogufa-002.jpg,24 × 16,,
gongbi-mogufa-003.jpg,16 × 16,,
gongbi-mogufa-004.jpg,26 × 18,,n
gongbi-mogufa-005.jpg,20 × 20,,
gongbi-mogufa-006.jpg,20 × 20,,
gongbi-mogufa-007.jpg,20 × 20,,
gongbi-mogufa-008.jpg,20 × 20,,n
gongbi-mogufa-009.jpg,20 × 20,,
gongbi-mogufa-010.jpg,20 × 20,,
gongbi-mogufa-011.jpg,20 × 20,,
gongbi-mogufa-012.jpg,20 × 20,,
gongbi-mogufa-013.jpg,20 × 20,,
gongbi-mogufa-014.jpg,26 × 18,,
gongbi-mogufa-015.jpg,20 × 20,,n
gongbi-mogufa-016.jpg,26 × 18,,
gongbi-mogufa-017.jpg,26 × 18,,
gongbi-mogufa-018.jpg,26 × 18,,
gongbi-mogufa-019.jpg,26 × 18,,
gongbi-mogufa-020.jpg,18 × 26,,
gongbi-mogufa-021.jpg,16 × 19,,
gongbi-mogufa-022.jpg,16 × 19,,
gongbi-mogufa-023.jpg,14 × 22,,
gongbi-mogufa-024.jpg,14 × 16,,
gongbi-mogufa-025.jpg,14 × 16,,n
gongbi-mogufa-026.jpg,20 × 18,,
gongbi-mogufa-027.jpg,16 × 14,,
gongbi-mogufa-028.jpg,20 × 18,,
herons-000.jpg,28 × 18,,
herons-001.jpg,28 × 18,,
herons-002.jpg,28 × 18,,
herons-003.jpg,28 × 18,,
herons-004.jpg,28 × 18,,
herons-005.jpg,28 × 18,,
herons-006.jpg,28 × 18,,
herons-007.jpg,28 × 18,,
herons-008.jpg,28 × 18,,
herons-009.jpg,16 × 20,,
herons-010.jpg,18 × 28,,
herons-011.jpg,28 × 18,,
herons-012.jpg,28 × 18,,
herons-013.jpg,28 × 18,,
herons-014.jpg,28 × 18,,
hydrangea-000.jpg,34 × 14,,
hydrangea-001.jpg,34 × 14,,
hydrangea-002.jpg,34 × 14,,
hydrangea-003.jpg,34 × 14,,
hydrangea-004.jpg,24 × 14,,
iris-000.jpg,24 × 18,,n
iris-001.jpg,27 × 8,,
iris-002.jpg,27 × 8,,
iris-003.jpg,16 × 14,,
iris-004.jpg,14 × 8,,
iris-005.jpg,16 × 14,,
iris-006.jpg,16 × 8,,
iris-007.jpg,16 × 14,,
iris-008.jpg,14 × 16,,
iris-009.jpg,18 × 14,,
kingfisher-000.jpg,28 × 16,,
kingfisher-001.jpg,40 × 14,,
kingfisher-002.jpg,40 × 14,,
kingfisher-003.jpg,40 × 14,,
kingfisher-004.jpg,40 × 14,,
kingfisher-005.jpg,16 × 14,,
kingfisher-006.jpg,14 × 16,,
kingfisher-007.jpg,34 × 14,,
kingfisher-008.jpg,,,
lotus-000.jpg,30 × 16,,
lotus-001.jpg,30 × 16,,
lotus-002.jpg,30 × 14,,
lotus-003.jpg,30 × 16,,
lotus-004.jpg,30 × 14,,
lotus-005.jpg,30 × 16,,
lotus-006.jpg,30 × 14,,
lotus-007.jpg,33 × 14,,
lotus-008.jpg,33 × 14,,
lotus-009.jpg,30 × 14,,
lotus-010.jpg,30 × 14,,
lotus-011.jpg,27 × 7,,
lotus-012.jpg,27 × 7,,
lotus-013.jpg,18 × 14,,
lotus-014.jpg,22 × 18,,
lotus-015.jpg,18 × 18,,n
lotus-016.jpg,22 × 18,,n
lotus-017.jpg,22 × 16,,
lotus-018.jpg,27 × 9,,n
lotus-019.jpg,18 × 14,,
lotus-020.jpg,16 × 14,,
lotus-021.jpg,27 × 27,,n
meihua-000.jpg,18 × 20,,n
meihua-001.jpg,18 × 14,,
meihua-002.jpg,14 × 16,,n
meihua-003.jpg,16 × 18,,n
meihua-004.jpg,14 × 12,,
meihua-005.jpg,18 × 14,,
narcissus-000.jpg,16 × 14,,
narcissus-001.jpg,14 × 16,,
narcissus-002.jpg,16 × 14,,
narcissus-003.jpg,14 × 16,,
narcissus-004.jpg,17 × 14,,
narcissus-005.jpg,14 × 16,,
orchids-000.jpg,25 × 17,,n
orchids-001.jpg,18 × 14,,
orchids-002.jpg,18 × 14,,
orchids-003.jpg,14 × 18,,
orchids-004.jpg,15 × 15,,
orchids-005.jpg,14 × 14,,
orchids-006.jpg,16 × 14,,
orchids-007.jpg,14 × 16,,
orchids-008.jpg,16 × 14,,
orchids-009.jpg,18 × 14,,
peonies-000.jpg,24 × 18,,n
peonies-001.jpg,24 × 18,,n
peonies-002.jpg,24 × 18,,n
peonies-003.jpg,18 × 16,,n
peonies-004.jpg,16 × 14,,
peonies-005.jpg,16 × 14,,
peonies-006.jpg,14 × 22,,
peonies-007.jpg,15 × 18,,
roosters-000.jpg,20 × 14,,
roosters-001.jpg,16 × 14,,
roosters-002.jpg,16 × 14,,
roosters-003.jpg,16/14,,